<?xml version="1.0" encoding="UTF-8" ?>
<module>
    <name>ht_themeloader</name>
    <displayName><![CDATA[Hiddentechies Theme Pre Loader]]></displayName>
    <version><![CDATA[1.0.3]]></version>
    <description><![CDATA[Hiddentechies Theme Pre Loader Module]]></description>
    <author><![CDATA[Hiddentechies]]></author>
    <tab><![CDATA[front_office_features]]></tab>
	<confirmUninstall><![CDATA[Are you sure you want to uninstall?]]></confirmUninstall>
    <is_configurable>1</is_configurable>
    <need_instance>0</need_instance>
	<limited_countries></limited_countries>
</module>