<?xml version="1.0" encoding="UTF-8" ?>
<module>
    <name>ht_brandlist</name>
    <displayName><![CDATA[Hiddentechies Brand Image Slider]]></displayName>
    <version><![CDATA[1.0.3]]></version>
    <description><![CDATA[Muestra un bloque con el listado de marcas de productos.]]></description>
    <author><![CDATA[Hiddentechies]]></author>
    <tab><![CDATA[front_office_features]]></tab>
    <is_configurable>1</is_configurable>
    <need_instance>0</need_instance>
	<limited_countries></limited_countries>
</module>