<?xml version="1.0" encoding="UTF-8" ?>
<module>
    <name>ps_socialfollow</name>
    <displayName><![CDATA[Enlaces de seguimiento a trav&eacute;s de las redes sociales]]></displayName>
    <version><![CDATA[2.0.0]]></version>
    <description><![CDATA[Permite a&ntilde;adir informaci&oacute;n en las redes sociales de tu marca.]]></description>
    <author><![CDATA[PrestaShop]]></author>
    <tab><![CDATA[]]></tab>
    <is_configurable>1</is_configurable>
    <need_instance>1</need_instance>
	<limited_countries></limited_countries>
</module>